machine_id,day,available
M1,1,0
M1,2,1
M1,3,1
M1,4,1
M1,5,1
M1,6,1
M1,7,0
M1,8,1
M1,9,1
M1,10,1
M1,11,1
M1,12,1
M1,13,0
M1,14,1
M1,15,1
M1,16,1
M1,17,1
M1,18,1
M1,19,1
M1,20,1
M1,21,1
M1,22,1
M1,23,1
M1,24,1
M1,25,1
M1,26,0
M1,27,1
M1,28,1
M1,29,0
M1,30,0
M1,31,1
M1,32,0
M1,33,1
M1,34,0
M1,35,1
M1,36,1
M1,37,1
M1,38,0
M1,39,1
M1,40,1
M1,41,0
M1,42,1
M1,43,1
M1,44,1
M1,45,1
M1,46,1
M1,47,1
M1,48,1
M1,49,1
M1,50,1
M1,51,1
M1,52,1
M1,53,1
M1,54,1
M1,55,1
M1,56,1
M1,57,1
M1,58,1
M1,59,0
M1,60,1
M1,61,1
M1,62,1
M1,63,1
M1,64,1
M1,65,1
M1,66,1
M1,67,1
M1,68,1
M1,69,1
M1,70,1
M1,71,1
M1,72,1
M1,73,1
M1,74,1
M1,75,1
M1,76,1
M1,77,1
M1,78,1
M1,79,1
M1,80,1
M1,81,1
M1,82,1
M1,83,0
M1,84,1
M1,85,1
M1,86,1
M1,87,1
M1,88,1
M1,89,1
M1,90,1
M1,91,1
M1,92,1
M1,93,1
M1,94,1
M1,95,1
M1,96,1
M1,97,1
M1,98,1
M1,99,1
M1,100,1
M1,101,1
M1,102,1
M1,103,0
M1,104,1
M1,105,1
M1,106,1
M1,107,1
M1,108,0
M1,109,1
M1,110,1
M1,111,1
M1,112,1
M2,1,1
M2,2,1
M2,3,1
M2,4,1
M2,5,1
M2,6,1
M2,7,1
M2,8,0
M2,9,1
M2,10,1
M2,11,1
M2,12,0
M2,13,1
M2,14,1
M2,15,1
M2,16,1
M2,17,1
M2,18,0
M2,19,1
M2,20,1
M2,21,1
M2,22,1
M2,23,1
M2,24,1
M2,25,0
M2,26,1
M2,27,0
M2,28,1
M2,29,1
M2,30,1
M2,31,1
M2,32,1
M2,33,1
M2,34,1
M2,35,1
M2,36,1
M2,37,1
M2,38,1
M2,39,1
M2,40,1
M2,41,1
M2,42,1
M2,43,1
M2,44,1
M2,45,1
M2,46,1
M2,47,1
M2,48,1
M2,49,1
M2,50,0
M2,51,1
M2,52,1
M2,53,1
M2,54,1
M2,55,1
M2,56,1
M2,57,0
M2,58,1
M2,59,1
M2,60,1
M2,61,0
M2,62,1
M2,63,1
M2,64,1
M2,65,1
M2,66,1
M2,67,1
M2,68,1
M2,69,1
M2,70,1
M2,71,1
M2,72,1
M2,73,0
M2,74,1
M2,75,1
M2,76,1
M2,77,1
M2,78,1
M2,79,1
M2,80,0
M2,81,1
M2,82,1
M2,83,0
M2,84,1
M2,85,1
M2,86,1
M2,87,1
M2,88,1
M2,89,1
M2,90,1
M2,91,0
M2,92,1
M2,93,1
M2,94,1
M2,95,1
M2,96,1
M2,97,1
M2,98,1
M2,99,1
M2,100,1
M2,101,1
M2,102,1
M2,103,1
M2,104,0
M2,105,1
M2,106,1
M2,107,1
M2,108,1
M2,109,1
M2,110,1
M2,111,1
M2,112,1
M3,1,1
M3,2,1
M3,3,1
M3,4,1
M3,5,1
M3,6,1
M3,7,1
M3,8,1
M3,9,1
M3,10,1
M3,11,1
M3,12,1
M3,13,1
M3,14,1
M3,15,1
M3,16,1
M3,17,1
M3,18,0
M3,19,1
M3,20,1
M3,21,1
M3,22,1
M3,23,1
M3,24,1
M3,25,1
M3,26,0
M3,27,1
M3,28,1
M3,29,1
M3,30,1
M3,31,1
M3,32,1
M3,33,1
M3,34,1
M3,35,1
M3,36,1
M3,37,1
M3,38,1
M3,39,1
M3,40,1
M3,41,0
M3,42,1
M3,43,1
M3,44,1
M3,45,1
M3,46,1
M3,47,1
M3,48,1
M3,49,1
M3,50,1
M3,51,1
M3,52,1
M3,53,1
M3,54,1
M3,55,1
M3,56,1
M3,57,1
M3,58,1
M3,59,1
M3,60,1
M3,61,1
M3,62,0
M3,63,1
M3,64,1
M3,65,1
M3,66,1
M3,67,1
M3,68,1
M3,69,1
M3,70,1
M3,71,1
M3,72,1
M3,73,1
M3,74,1
M3,75,0
M3,76,1
M3,77,1
M3,78,1
M3,79,1
M3,80,1
M3,81,1
M3,82,1
M3,83,1
M3,84,1
M3,85,1
M3,86,1
M3,87,1
M3,88,1
M3,89,0
M3,90,1
M3,91,1
M3,92,1
M3,93,1
M3,94,1
M3,95,0
M3,96,1
M3,97,1
M3,98,1
M3,99,1
M3,100,1
M3,101,1
M3,102,1
M3,103,1
M3,104,1
M3,105,1
M3,106,1
M3,107,1
M3,108,1
M3,109,1
M3,110,1
M3,111,0
M3,112,0
M4,1,1
M4,2,1
M4,3,1
M4,4,1
M4,5,0
M4,6,1
M4,7,1
M4,8,1
M4,9,1
M4,10,1
M4,11,1
M4,12,1
M4,13,1
M4,14,1
M4,15,1
M4,16,1
M4,17,1
M4,18,1
M4,19,1
M4,20,1
M4,21,1
M4,22,1
M4,23,1
M4,24,1
M4,25,1
M4,26,1
M4,27,1
M4,28,1
M4,29,1
M4,30,1
M4,31,1
M4,32,1
M4,33,1
M4,34,1
M4,35,1
M4,36,1
M4,37,1
M4,38,1
M4,39,1
M4,40,1
M4,41,1
M4,42,1
M4,43,1
M4,44,1
M4,45,1
M4,46,0
M4,47,1
M4,48,1
M4,49,1
M4,50,1
M4,51,1
M4,52,0
M4,53,1
M4,54,1
M4,55,1
M4,56,1
M4,57,1
M4,58,1
M4,59,1
M4,60,1
M4,61,1
M4,62,1
M4,63,1
M4,64,1
M4,65,0
M4,66,1
M4,67,1
M4,68,1
M4,69,1
M4,70,0
M4,71,1
M4,72,0
M4,73,1
M4,74,1
M4,75,1
M4,76,1
M4,77,1
M4,78,1
M4,79,1
M4,80,1
M4,81,1
M4,82,0
M4,83,1
M4,84,1
M4,85,0
M4,86,1
M4,87,1
M4,88,0
M4,89,1
M4,90,1
M4,91,1
M4,92,0
M4,93,1
M4,94,1
M4,95,1
M4,96,1
M4,97,1
M4,98,1
M4,99,1
M4,100,1
M4,101,1
M4,102,1
M4,103,1
M4,104,1
M4,105,1
M4,106,1
M4,107,1
M4,108,1
M4,109,1
M4,110,0
M4,111,1
M4,112,1
