machine_id,block_id,rate
M1,B1,17.561
M1,B2,12.66
M1,B3,11.032
M1,B4,9.716
M1,B5,6.78
M1,B6,16.341
M1,B7,17.966
M1,B8,12.546
M2,B1,15.594
M2,B2,16.792
M2,B3,6.583
M2,B4,10.521
M2,B5,12.476
M2,B6,13.386
M2,B7,7.88
M2,B8,11.467
M3,B1,10.11
M3,B2,6.667
M3,B3,14.74
M3,B4,15.223
M3,B5,17.436
M3,B6,14.036
M3,B7,15.59
M3,B8,13.952
M4,B1,8.593
M4,B2,9.867
M4,B3,8.316
M4,B4,12.17
M4,B5,15.642
M4,B6,12.679
M4,B7,6.377
M4,B8,6.926
